Citra,Kondisi,Metode,Threshold,Foreground_Pixel,Foreground_Ratio,Prediksi,Benar
01_HighQuality_Enhanced (1).jpg,ADA TANDA TANGAN,Global,145.0,21920,7.490534315668612,SIGNATURE PRESENT,True
02_LowContrast (1).jpg,ADA TANDA TANGAN,Global,145.0,6943,2.372572069055072,SIGNATURE PRESENT,True
03_Blurred (1).jpg,ADA TANDA TANGAN,Global,145.0,13826,4.724640850749736,SIGNATURE PRESENT,True
04_HighNoise (1).jpg,ADA TANDA TANGAN,Global,145.0,19982,6.828278133927474,SIGNATURE PRESENT,True
05_LowResolution_Upsampled (1).jpg,ADA TANDA TANGAN,Global,145.0,18617,6.361828346478219,SIGNATURE PRESENT,True
06_Faded_Underexposed (1).jpg,ADA TANDA TANGAN,Global,145.0,27513,9.40178241911453,SIGNATURE PRESENT,True
07_ColorShift_WarmTint (1).jpg,ADA TANDA TANGAN,Global,145.0,21070,7.200071078062849,SIGNATURE PRESENT,True
08_JPEGCompression_Artifacts (1).jpg,ADA TANDA TANGAN,Global,145.0,20296,6.935578671113602,SIGNATURE PRESENT,True
09_CombinedDegradation (1).jpg,ADA TANDA TANGAN,Global,145.0,25382,8.673573996364084,SIGNATURE PRESENT,True
01_HighQuality_Enhanced (1).jpg_TANPA_TTD,TIDAK ADA TANDA TANGAN,Global,145.0,288,0.09841577932995257,SIGNATURE ABSENT,True
02_LowContrast (1).jpg_TANPA_TTD,TIDAK ADA TANDA TANGAN,Global,145.0,944,0.3225850544704001,SIGNATURE ABSENT,True
03_Blurred (1).jpg_TANPA_TTD,TIDAK ADA TANDA TANGAN,Global,145.0,43,0.01469402260829153,SIGNATURE ABSENT,True
04_HighNoise (1).jpg_TANPA_TTD,TIDAK ADA TANDA TANGAN,Global,145.0,399,0.13634686094670515,SIGNATURE ABSENT,True
05_LowResolution_Upsampled (1).jpg_TANPA_TTD,TIDAK ADA TANDA TANGAN,Global,145.0,98,0.03348870268866441,SIGNATURE ABSENT,True
06_Faded_Underexposed (1).jpg_TANPA_TTD,TIDAK ADA TANDA TANGAN,Global,145.0,33,0.011276808048223732,SIGNATURE ABSENT,True
07_ColorShift_WarmTint (1).jpg_TANPA_TTD,TIDAK ADA TANDA TANGAN,Global,145.0,300,0.10251643680203393,SIGNATURE ABSENT,True
08_JPEGCompression_Artifacts (1).jpg_TANPA_TTD,TIDAK ADA TANDA TANGAN,Global,145.0,260,0.08884757856176274,SIGNATURE ABSENT,True
09_CombinedDegradation (1).jpg_TANPA_TTD,TIDAK ADA TANDA TANGAN,Global,145.0,37,0.01264369387225085,SIGNATURE ABSENT,True
